{
  "$schema": "http://json-schema.org/draft-04/schema#",
  "title": "amountbase",
  "description": "Base class for amount and issue",
  "type": "object",
  "properties": {
    "value": {
      "description": "The quantity of the currency, denoted as a string to retain floating point precision",
      "$ref": "value"
    },
    "currency": {
      "description": "The three-character code or hexadecimal string used to denote currencies",
      "$ref": "currency"
    },
    "counterparty": {
      "description": "The Ripple address of the account that owes or is owed the funds (omitted if `currency` is \"XRP\")",
      "$ref": "address"
    }
  },
  "additionalProperties": false,
  "required": ["currency"],
  "oneOf": [
    {
      "properties": {
        "currency": {
          "not": {
            "enum": ["XRP"]
          }
        }
      },
      "required": ["counterparty"]
    },
    {
      "properties": {
        "currency": {
          "enum": ["XRP"]
        }
      },
      "not": {
        "required": ["counterparty"]
      }
    }
  ]
}
