{
  "$schema": "http://json-schema.org/draft-04/schema#",
  "title": "destinationExactAdjustment",
  "type": "object",
  "properties": {
    "address": {
      "$ref": "address",
      "description": "The address to receive at."
    },
    "amount": {
      "$ref": "laxAmount",
      "description": "An exact amount to deliver to the recipient. If the counterparty is not specified, amounts with any counterparty may be used. (This field is exclusive with destination.minAmount)."
    },
    "tag": {"$ref": "tag"}
  },
  "required": ["address", "amount"],
  "additionalProperties": false
}
