{
  "$schema": "http://json-schema.org/draft-04/schema#",
  "title": "instructions",
  "link": "transaction-instructions",
  "description": "Instructions for executing the transaction",
  "type": "object",
  "properties": {
    "sequence": {
      "description": "The initiating account's sequence number for this transaction.",
      "$ref": "sequence"
    },
    "fee": {
      "description": "An exact fee to pay for the transaction. See [Transaction Fees](#transaction-fees) for more information.",
      "$ref": "value"
    },
    "maxFee": {
      "description": "The maximum fee to pay for the transaction. See [Transaction Fees](#transaction-fees) for more information.",
      "$ref": "value"
    },
    "maxLedgerVersion": {
      "description": "The highest ledger version that the transaction can be included in. If this option and `maxLedgerVersionOffset` are both omitted, the `maxLedgerVersion` option will default to 3 greater than the current validated ledger version (equivalent to `maxLedgerVersionOffset=3`). Use `null` to not set a maximum ledger version.",
      "oneOf": [
        {"$ref": "ledgerVersion"},
        {"type": "null"}
      ]
    },
    "maxLedgerVersionOffset": {
      "description": "Offset from current validated ledger version to highest ledger version that the transaction can be included in.",
      "type": "integer",
      "minimum": 0
    },
    "signersCount": {
      "description": "Number of signers that will be signing this transaction.",
      "type": "integer",
      "minimum": 1
    }
  },
  "additionalProperties": false,
  "not": {
    "anyOf": [
      {
        "description": "fee and maxFee are mutually exclusive",
        "required": ["fee", "maxFee"]
      },
      {
        "description": "maxLedgerVersion and maxLedgerVersionOffset are mutually exclusive",
        "required": ["maxLedgerVersion", "maxLedgerVersionOffset"]
      }
    ]
  }
}
