{
  "$schema": "http://json-schema.org/draft-04/schema#",
  "title": "getLedgerParameters",
  "description": "Parameters for getLedger",
  "type": "object",
  "properties": {
    "options": {
      "description": "Options affecting what ledger and how much data to return.",
      "properties": {
        "ledgerVersion": {
          "$ref": "ledgerVersion",
          "description": "Get ledger data for this historical ledger version."
        },
        "includeAllData": {
          "type": "boolean",
          "description": "Include full transactions and/or state information if `includeTransactions` and/or `includeState` is set."
        },
        "includeTransactions": {
          "type": "boolean",
          "description": "Return an array of hashes for each transaction or an array of all transactions that were validated in this ledger version, depending on whether `includeAllData` is set."
        },
        "includeState": {
          "type": "boolean",
          "description": "Return an array of hashes for all state data or an array of all state data in this ledger version, depending on whether `includeAllData` is set."
        }
      },
      "additionalProperties": false
    }
  },
  "additionalProperties": false
}
