{
  "$schema": "http://json-schema.org/draft-04/schema#",
  "title": "prepareEscrowCreationParameters",
  "type": "object",
  "properties": {
    "address": {
      "$ref": "address",
      "description": "The address of the account that is creating the transaction."
    },
    "escrowCreation": {
      "$ref": "escrowCreation",
      "description": "The specification of the escrow creation to prepare."
    },
    "instructions": {"$ref": "instructions"}
  },
  "additionalProperties": false,
  "required": ["address", "escrowCreation"]
}
