{
  "$schema": "http://json-schema.org/draft-04/schema#",
  "title": "prepareTrustlineParameters",
  "type": "object",
  "properties": {
    "address": {
      "$ref": "address",
      "description": "The address of the account that is creating the transaction."
    },
    "trustline": {
      "$ref": "trustline",
      "description": "The specification of the trustline to prepare."
    },
    "instructions": {"$ref": "instructions"}
  },
  "additionalProperties": false,
  "required": ["address", "trustline"]
}
